key,text,comment
atlas.day,Day {0} · {1},AtlasView.cs
atlas.erased,erased. Draw it again.,AtlasView.cs
atlas.held_hour,"  (held at this hour)",AtlasView.cs
atlas.here,"  · here",AtlasView.cs
atlas.hint,↑↓ destination    J travel    M / Esc close,AtlasView.cs
atlas.no_vantage,no vantage here,AtlasView.cs
atlas.title,Atlas,AtlasView.cs
atlas.travel.from,From {0}:,AtlasView.cs
atlas.travel.from_nowhere,Travel from a desk or a lit lamp.,AtlasView.cs
atlas.travel.none,From {0}: nowhere else is drawn yet.,AtlasView.cs
boss.won,…keep it lit.,BossView.cs
camp.site.fire_ring,the fire ring,Camp.cs
camp.site.high_grass,the high grass,Camp.cs
camp.site.riverbed,the riverbed,Camp.cs
caption.bound,Bound: {0},PrologueDirector.cs
caption.camp_walk,"A day's walk with the clan. {0}, at dusk.",CampWalk.cs
caption.charter,Charter: {0},BossArena.cs DialogueService.cs
caption.clarity_empty,Drawn back to held ground.,ClarityMeter.cs
caption.clarity_gate,The white will not hold her. Not yet.,ClarityMeter.cs
caption.clarity_grows,Clarity grows.,ClarityMeter.cs
caption.drawn,Drawn: {0},VantagePoint.cs
caption.drawn_again,Drawn again: {0},VantagePoint.cs
caption.erased,Erased: {0}. Draw it again.,Cantor.cs Choir.cs
caption.gauntlet_crossed,{0}: crossed.,Gauntlet.cs
caption.gauntlet_fall,Back to solid ground.,Gauntlet.cs
caption.memories_dropped,Your memories smudge where you fell. Strike the smudge down to take them back.,MemoryDrops.cs
caption.memories_recovered,Recovered: {0}.,MemoryDrops.cs
caption.rollcall,The roll-call: {0},BoundsWalk.cs
caption.rollcall.again,"Again, from the top of the verse.",BoundsWalk.cs
caption.rollcall.first,verse one,BoundsWalk.cs
caption.rollcall.next,next verse,BoundsWalk.cs
caption.tide,The tide takes her back to the bank.,Tide.cs
caption.travelled,"{0} on the road. {1}, day {2}.",FastTravel.cs
caption.walked,Walked. {0} is held.,BoundsWalk.cs
caption.warden_measures,The Warden measures the cowl and looks away.,Warden.cs
commission.failed,It came to nothing.,JournalView.cs LedgerView.cs
desk.belt.buy,A fourth loop on the belt: one more Instrument carried.,DeskMenu.cs
desk.belt.full,Four loops. A Guild belt.,DeskMenu.cs
desk.belt.value,three loops · {0} scraps for a fourth,DeskMenu.cs
desk.belt.value_full,four loops,DeskMenu.cs
desk.fate.anchored,"Sealed. The Guild's way: nothing here fades, and nothing changes.",DeskMenu.cs
desk.fate.held,"Sealed. Held by the people who live here, for as long as they do.",DeskMenu.cs
desk.fate.none,No place to seal from here.,DeskMenu.cs
desk.fate.released,"Let go. It will be an island in the Blank, and remember how you left it.",DeskMenu.cs
desk.fate.survey_first,Draw every vantage here before you decide what it becomes.,DeskMenu.cs
desk.hint,↑↓ row    ◂▸ change    1-3 Charter    J seal / buy / leave    Esc leave,DeskMenu.cs
desk.masks.buy,"Vellum stitched into the cowl. One more mask, and it is whole at once.",DeskMenu.cs
desk.masks.full,The cowl holds nine. It will not take a tenth.,DeskMenu.cs
desk.masks.value,{0} masks · {1} scraps for one more,DeskMenu.cs
desk.masks.value_full,{0} masks · full,DeskMenu.cs
desk.place.fate,{0}: {1},DeskMenu.cs
desk.place.none,(no place),DeskMenu.cs
desk.place.survey_first,{0}: survey it first,DeskMenu.cs
desk.propose.anchor,"Survey, bind, seal. Nothing fades. Nothing changes. Wardens.",DeskMenu.cs
desk.propose.choose,Choose what this place becomes. It is final.,DeskMenu.cs
desk.propose.hold_unwalked,Walk the bounds first. The people hold a place; a seal only freezes it.,DeskMenu.cs
desk.propose.hold_walked,"Walked. The people hold it, for as long as they do.",DeskMenu.cs
desk.propose.release,"Let it go. It will be an island in the Blank, and remember how you left it.",DeskMenu.cs
desk.row.belt,Belt,DeskMenu.cs
desk.row.charter,Charter,DeskMenu.cs
desk.row.masks,Masks,DeskMenu.cs
desk.row.place,Place,DeskMenu.cs
desk.row.slot,Slot {0},DeskMenu.cs
desk.scraps,{0} scraps,DeskMenu.cs
desk.slot.empty,(empty),DeskMenu.cs
desk.slot.empty_blurb,An empty loop on the belt.,DeskMenu.cs
desk.title,Drafting desk,DeskMenu.cs
desk.verb.anchor,anchor,DeskMenu.cs
desk.verb.hold,hold,DeskMenu.cs
desk.verb.release,release,DeskMenu.cs
desk.verb.unwritten,unwritten,DeskMenu.cs
dialogue.continue,J / Space  ▸,DialogueView.cs
hud.death,the ink runs out,HudView.cs
journal.closed,Closed,JournalView.cs
journal.empty,No commissions taken. The ledgers are at the hubs.,JournalView.cs
journal.hint,M / Esc close,JournalView.cs
journal.purse,Vellum scraps: {0}     Iris seeds: {1},JournalView.cs
journal.title,Journal,JournalView.cs
journal.toast.closed,{0} · closed,JournalView.cs
journal.toast.closed_reward,{0} · closed.  {1},JournalView.cs
journal.toast.failed,{0} · came to nothing.,JournalView.cs
journal.toast.fulfilled,{0} · fulfilled. Return to the ledger.,JournalView.cs
journal.toast.taken,Commission taken · {0},JournalView.cs
journal.turn_in,{0} · turn in,JournalView.cs
ledger.empty,Nothing posted. Come back when the coast has asked for something.,LedgerView.cs
ledger.fulfilled,Done. Turn it in.,LedgerView.cs
ledger.hint,↑↓ choose    J take / turn in    Esc leave,LedgerView.cs
ledger.reward,Reward: {0},LedgerView.cs
ledger.reward.island,a place in the Blank,LedgerView.cs
ledger.reward.secret,something worth knowing,LedgerView.cs
ledger.state.fulfilled,fulfilled — turn in,LedgerView.cs
ledger.title,Commissions,LedgerView.cs
ledger.title_hub,Commissions — {0},LedgerView.cs
phase.dawn,dawn,DayClock.cs
phase.day,day,DayClock.cs
phase.dusk,dusk,DayClock.cs
phase.night,night,DayClock.cs
shop.empty,Nothing on the table today.,ShopView.cs
shop.hint,↑↓ row    J buy    Esc leave,ShopView.cs
shop.owned,owned,ShopView.cs
shop.price,{0} ✿,ShopView.cs
shop.seeds,Iris seeds: {0},ShopView.cs
shop.seeds_burned,Iris seeds: {0}   (the fields burned; prices are up),ShopView.cs
shop.title,{0} · stock,ShopView.cs
shop.title.saltmarrow,Sable's table,ShopView.cs
travel.half_hour,half an hour,Travel.cs
travel.hour,an hour,Travel.cs
travel.hours,{0} hours,Travel.cs
tutorial.bind,Hold E to bind. It costs ink.,PromptView.cs
tutorial.dash,Shift dashes. Wingbeat is a memory of the sky.,PromptView.cs
tutorial.seal,Sealed. A wax seal marks where you would come back to.,PromptView.cs
tutorial.strike,"J strikes. In the air, hold down and strike to bounce off what you hit.",PromptView.cs
tutorial.survey,Hold Q at the marker. Let the pen find the line.,PromptView.cs
walk.held,Held.,WalkView.cs
walk.progress,verse {0} of {1}  ·  beat {2} of {3},WalkView.cs
